id_documento_logico,id_instituicao_apoio
doc_d74719a524f502f7,iap_09df469b442dcd1e
doc_d74719a524f502f7,iap_06821216396a7f8e
doc_d74719a524f502f7,iap_fb6207cb07a32bdd
doc_d74719a524f502f7,iap_e2b81b7d749d9676
doc_d74719a524f502f7,iap_700904e81cdeb880
doc_d74719a524f502f7,iap_955671cb17cbff53
doc_d74719a524f502f7,iap_743e6a42245dbb77
doc_d74719a524f502f7,iap_ab50e969f475f1e1
doc_d74719a524f502f7,iap_f2b5663d5b019681
doc_d74719a524f502f7,iap_381dc578bc593c45
doc_d74719a524f502f7,iap_2367c14902d38530
doc_d74719a524f502f7,iap_4b9d78aa98f8e72b
doc_d74719a524f502f7,iap_f4d13aaa461fd2a5
doc_d74719a524f502f7,iap_53a4523c985db107
doc_d74719a524f502f7,iap_c182ce6b3b2939c0
doc_d74719a524f502f7,iap_095a400614841e4c
doc_d74719a524f502f7,iap_4932b0308339882a
doc_d74719a524f502f7,iap_927dbe6704bb8795
doc_d74719a524f502f7,iap_3f713bf0058f124f
doc_d74719a524f502f7,iap_52b201fe6b421441
doc_d74719a524f502f7,iap_ff419b65af1ea681
doc_d74719a524f502f7,iap_87d60cfcdc57d2a4
doc_d74719a524f502f7,iap_a2b25384b6c13d52
doc_d74719a524f502f7,iap_256bc0e21198641b
doc_d74719a524f502f7,iap_83b775d05a1bdff7
doc_d74719a524f502f7,iap_660586fc2d9c95ce
doc_d74719a524f502f7,iap_c35f027ca321850d
doc_d74719a524f502f7,iap_16e2e0751b897f28
doc_d74719a524f502f7,iap_94994fd5a95afa6e
doc_d74719a524f502f7,iap_b557f53a7c4a8e23
doc_d74719a524f502f7,iap_230238f2ed119581
doc_d74719a524f502f7,iap_158899fa3eb0a344
doc_d74719a524f502f7,iap_b407a5de8f840f7c
doc_d74719a524f502f7,iap_e98327e249fa84e6
doc_d74719a524f502f7,iap_1e76f59190af80b2
doc_d74719a524f502f7,iap_5ec6d043359646a5
doc_d74719a524f502f7,iap_f6f625b3feec3c2f
doc_d74719a524f502f7,iap_0f750a3bb4fc9ff7
doc_d74719a524f502f7,iap_2e8e855f379a3962
doc_d74719a524f502f7,iap_3527f2a6f8af3fbe
doc_d74719a524f502f7,iap_3c42f551b6a583f1
doc_d74719a524f502f7,iap_3d535c198b618ba4
doc_d74719a524f502f7,iap_aeeca349a63c8c1c
doc_d74719a524f502f7,iap_cb8b9d0dcf1c8b91
doc_d74719a524f502f7,iap_75f32066b5692525
doc_d74719a524f502f7,iap_771340c50de761da
doc_d74719a524f502f7,iap_3edb16a326f343b7
doc_d74719a524f502f7,iap_dd60660a5c182edf
doc_d74719a524f502f7,iap_fa18e70da8590c6d
doc_d74719a524f502f7,iap_847f968adee37583
doc_d74719a524f502f7,iap_9e1741c8c883f727
doc_d74719a524f502f7,iap_c8157e7e13acb4af
doc_d74719a524f502f7,iap_eaf84c2c9729b2a4
doc_d74719a524f502f7,iap_8aaf0151d25512a4
doc_d74719a524f502f7,iap_01427cea243a6343
doc_d74719a524f502f7,iap_08361b6909aa939d
doc_d74719a524f502f7,iap_7fdfec7dda1dfd11
doc_d74719a524f502f7,iap_df6fcf6ebf254ce5
doc_d74719a524f502f7,iap_0074ec527422af65
doc_d74719a524f502f7,iap_16bfc325f3ff5740
doc_d74719a524f502f7,iap_a8c0da705417cd9e
doc_d74719a524f502f7,iap_d38c3d1de21dbb30
doc_d74719a524f502f7,iap_c950c39cbaac7fe0
doc_d74719a524f502f7,iap_2958c8eee17ad8a9
doc_d74719a524f502f7,iap_0cb42c819605f946
doc_d74719a524f502f7,iap_3ae5e6f4035f10c2
doc_d74719a524f502f7,iap_4a8d43284b68c855
doc_d74719a524f502f7,iap_f1fa5e65969b95c9
doc_d74719a524f502f7,iap_d99c6f3ac454bfb8
